-- MySQL dump 10.13  Distrib 5.7.29, for Linux (x86_64)
--
-- Host: localhost    Database: company_site
-- ------------------------------------------------------
-- Server version	5.7.29

/*!40101 SET @OLD_CHARACTER_SET_CLIENT=@@CHARACTER_SET_CLIENT */;
/*!40101 SET @OLD_CHARACTER_SET_RESULTS=@@CHARACTER_SET_RESULTS */;
/*!40101 SET @OLD_COLLATION_CONNECTION=@@COLLATION_CONNECTION */;
/*!40101 SET NAMES utf8 */;
/*!40103 SET @OLD_TIME_ZONE=@@TIME_ZONE */;
/*!40103 SET TIME_ZONE='+00:00' */;
/*!40014 SET @OLD_UNIQUE_CHECKS=@@UNIQUE_CHECKS, UNIQUE_CHECKS=0 */;
/*!40014 SET @OLD_FOREIGN_KEY_CHECKS=@@FOREIGN_KEY_CHECKS, FOREIGN_KEY_CHECKS=0 */;
/*!40101 SET @OLD_SQL_MODE=@@SQL_MODE, SQL_MODE='NO_AUTO_VALUE_ON_ZERO' */;
/*!40111 SET @OLD_SQL_NOTES=@@SQL_NOTES, SQL_NOTES=0 */;

--
-- Table structure for table `file`
--

DROP TABLE IF EXISTS `file`;
/*!40101 SET @saved_cs_client     = @@character_set_client */;
/*!40101 SET character_set_client = utf8 */;
CREATE TABLE `file` (
  `id` int(11) NOT NULL AUTO_INCREMENT,
  `name` varchar(255) COLLATE utf8mb4_unicode_ci NOT NULL,
  `path` varchar(255) COLLATE utf8mb4_unicode_ci NOT NULL,
  PRIMARY KEY (`id`),
  UNIQUE KEY `UNIQ_8C9F36105E237E06` (`name`)
) ENGINE=InnoDB AUTO_INCREMENT=24 DEFAULT CHARSET=utf8mb4 COLLATE=utf8mb4_unicode_ci;
/*!40101 SET character_set_client = @saved_cs_client */;

--
-- Dumping data for table `file`
--

LOCK TABLES `file` WRITE;
/*!40000 ALTER TABLE `file` DISABLE KEYS */;
INSERT INTO `file` VALUES (1,'Бенни Гребб азбука.','15aa516bd2183564a68d3c1d5c7da4a6.pdf'),(2,'Августини этюды для установки.','a7734782c43dc7712d83a373d439e20a.jpeg'),(3,'Мельница .от1 до 8 ударов. под метроном.','c07f9507856222a9545f5af2e7507eff.pdf'),(4,'пятиударный ролл','31bfd165f8958c2d90a997c66b6c429c.pdf'),(5,'40 рудиментов','6aee79f632605973aa8f1b40beef95f9.pdf'),(6,'В.Конаков этюд для барабанов №3','cdbb619143275c4570af9d830ec39a50.jpeg'),(7,'Работа над гаммой','1b6d54be5c7e37d243948b1998c71bf7.pdf'),(8,'Августини .Этюды 7.8','9101f9d923a9240bba22d45dd9cc20a7.jpeg'),(9,'Этюды для малого барабана .','d46ba877e5a9b521a6697e6deb099f2d.pdf'),(10,'Hal. Leonard -book 1.Три пьесы в конце сборника','9678459a454f313277c86b8325c0f68c.pdf'),(11,'Exit for Freedom mp3','404092515d2e0be9521c53d4ef4df51d.bin'),(12,'Г.Кизант соло 2.6 для м.б. и 3 альтов','0237c4aeeba88251771996533db5d6c2.pdf'),(13,'джингл белз','2925f40ed7da495e72bec0904f5f15d2.pdf'),(15,'Jim Chapin Drum book jazz','2b4901555e6fbba3405691023d9a353e.pdf'),(16,'ROCK SCHOOL 4','9e9c5f799eaf651019c9da1135243883.pdf'),(19,'Кевін Так','43defbb8f2bf63143ee3036d64a96629.pdf'),(20,'Кевін Так можна друкувати 1','5b5eaa9f71d88a1b203a91dc96e58d7b.pdf'),(21,'Єтюди для ксілофона','dbdf26e6a6fc07c0c70aad71b39174d7.pdf'),(22,'чепін свінг','5048998976dac09707a8ae211e8f41de.pdf'),(23,'М.Маркович Countdoun','02d1d94eb6bf1ba50fc99844ec45af05.pdf');
/*!40000 ALTER TABLE `file` ENABLE KEYS */;
UNLOCK TABLES;

--
-- Table structure for table `file_lesson`
--

DROP TABLE IF EXISTS `file_lesson`;
/*!40101 SET @saved_cs_client     = @@character_set_client */;
/*!40101 SET character_set_client = utf8 */;
CREATE TABLE `file_lesson` (
  `file_id` int(11) NOT NULL,
  `lesson_id` int(11) NOT NULL,
  PRIMARY KEY (`file_id`,`lesson_id`),
  KEY `IDX_4063524C93CB796C` (`file_id`),
  KEY `IDX_4063524CCDF80196` (`lesson_id`),
  CONSTRAINT `FK_4063524C93CB796C` FOREIGN KEY (`file_id`) REFERENCES `file` (`id`) ON DELETE CASCADE,
  CONSTRAINT `FK_4063524CCDF80196` FOREIGN KEY (`lesson_id`) REFERENCES `lesson` (`id`) ON DELETE CASCADE
) ENGINE=InnoDB DEFAULT CHARSET=utf8mb4 COLLATE=utf8mb4_unicode_ci;
/*!40101 SET character_set_client = @saved_cs_client */;

--
-- Dumping data for table `file_lesson`
--

LOCK TABLES `file_lesson` WRITE;
/*!40000 ALTER TABLE `file_lesson` DISABLE KEYS */;
INSERT INTO `file_lesson` VALUES (1,31),(1,33),(1,35),(1,41),(1,44),(1,45),(1,51),(1,73),(1,82),(1,83),(1,84),(1,104),(1,105),(1,111),(1,125),(2,44),(2,49),(2,59),(2,105),(2,153),(3,30),(3,32),(3,35),(3,37),(3,38),(3,51),(3,52),(3,53),(3,55),(3,59),(3,69),(3,93),(3,102),(3,110),(3,133),(4,32),(4,35),(4,37),(4,38),(4,42),(4,44),(5,31),(5,32),(5,33),(5,34),(5,35),(5,41),(5,44),(5,49),(5,51),(5,53),(5,54),(5,55),(5,59),(5,69),(5,72),(5,73),(5,82),(5,84),(5,102),(5,110),(5,111),(5,122),(5,126),(5,132),(5,133),(5,134),(6,37),(6,44),(6,49),(7,30),(7,32),(7,34),(7,38),(9,31),(9,32),(9,33),(9,35),(9,39),(9,40),(9,41),(9,42),(9,44),(9,45),(9,51),(9,52),(9,53),(9,54),(9,55),(9,56),(9,58),(9,59),(9,68),(9,72),(9,73),(9,82),(9,83),(9,84),(9,97),(9,99),(9,100),(9,101),(9,102),(9,103),(9,111),(9,113),(9,117),(9,122),(9,126),(9,132),(9,133),(9,134),(9,137),(9,138),(9,153),(10,30),(10,33),(10,34),(10,39),(10,41),(10,49),(10,54),(11,30),(11,35),(12,53),(12,69),(12,136),(12,153),(13,44),(15,119),(16,158),(20,99),(20,100),(20,101),(20,103),(20,104),(20,105),(20,111),(20,117),(20,125),(20,126),(21,103),(22,119),(23,114);
/*!40000 ALTER TABLE `file_lesson` ENABLE KEYS */;
UNLOCK TABLES;

--
-- Table structure for table `lesson`
--

DROP TABLE IF EXISTS `lesson`;
/*!40101 SET @saved_cs_client     = @@character_set_client */;
/*!40101 SET character_set_client = utf8 */;
CREATE TABLE `lesson` (
  `id` int(11) NOT NULL AUTO_INCREMENT,
  `student_id` int(11) DEFAULT NULL,
  `date` date NOT NULL,
  `homework` longtext COLLATE utf8mb4_unicode_ci NOT NULL,
  `attendance` tinyint(1) DEFAULT NULL,
  `mark` int(11) DEFAULT NULL,
  `mark_comment` longtext COLLATE utf8mb4_unicode_ci,
  PRIMARY KEY (`id`),
  KEY `IDX_F87474F3CB944F1A` (`student_id`),
  CONSTRAINT `FK_F87474F3CB944F1A` FOREIGN KEY (`student_id`) REFERENCES `student` (`id`)
) ENGINE=InnoDB AUTO_INCREMENT=174 DEFAULT CHARSET=utf8mb4 COLLATE=utf8mb4_unicode_ci;
/*!40101 SET character_set_client = @saved_cs_client */;

--
-- Dumping data for table `lesson`
--

LOCK TABLES `lesson` WRITE;
/*!40000 ALTER TABLE `lesson` DISABLE KEYS */;
INSERT INTO `lesson` VALUES (1,7,'2020-04-06','5 строчек On TheWood...,\r\n Billi Badd -разобрать и играть под минус.\r\nБуквы -E.F - 4 СПОСОБА\r\nА DUR. -ля мажор\r\nfis- фа диез минор',1,7,'Над гаммами не работал.Пьеса- небрежное отношение к ритму,хотя текст разобран.Соблюдать метр нужно,ты на ударных занимеэшься. Буквы нужно доводить до качества. это твоя техническая база. Под метроном.'),(2,18,'2020-04-06','1.играть букву Е - руками (4 спос.) и ногой.\r\n2.Этюды Августини для барабанов 1-5.(под метроном) \r\n3 . Кевин Так- Малый бар.- этюд 11 и 12 в среднем темпе без остановок.\r\n4соло с 3 том- томами (2.6) - 4строчки- отрабатывать в медл.темпе.',1,9,'следить больше за руками'),(3,19,'2020-04-06','1. 5-ти ударный ролл с обеих рук ,медленно и свободно под метроном.\r\n2.Буквы -A,B,C,D. -4 способа.\r\n3.Гамма -Ре мажор(D dur) чет.,восьм. триоли,шест. - арпеджио. медленно повторять все мажорные гаммы.\r\n Всё время следить за руками.Замок и угол на контроль.\r\n4.разучить -Джингл белз.',1,9,'не могу связаться  сегодня с вами.'),(4,10,'2020-04-06','1.Буква E.K- 4 способа \r\n2.Этюд 15 м.б. под метрон. \r\n3.Шуберт - разбирать до конца (медленно на)Ф-но.',1,10,'хочу посмотреть видео 15 этюда и Буквы E ,K. Максим- занимайся понемногу каждый день.а то руки потеряют еластичность. Играй этюды и буквы.'),(5,13,'2020-04-06','1.играть буквы E.F.G.H. -4 способа.Особенно двойками-расслабить руки и кисти.\r\n2Играть этюды на м.б.\r\n3.выучить ноты второй октавы -крепко.\r\n4 делать теоретич. задания и отпр. своим педагогам.',1,9,'Жду видео на вайбер с телефона.Буквы двойками.этюд вышлю конкретно тебе. Распечатай и учи'),(6,5,'2020-04-06','1.Вторая пьеса на бар. под минус(рок)\r\n2.Гаммы -Си бемоль мажор (Д7) и соль минор (ум.вв.) подвижно . \r\n3.Смотреть Джоджо Мэера -Нога. искать свободные ощущения.\r\n4.хора стакк.-слушать.внимательно знаки и ритм.',1,10,'Внимательно считать. Заниматься на тренаж. ,больше. -не мешать другим шумом. Пьесу рвзбирать внимательно .по такту.'),(7,11,'2020-04-06','1/A dur-a moll. D7/Ум.ВВ.\r\n2.бар.- Баллада.\r\n3.Галоп- учить до конца. не спешить.плечи и кисти расслаблять.\r\n4.свинг - упр. ,бендовые взбивки.соло  4с.\r\n5.этюды м.б. читать с удовольствием. Рудименты -один в день.',1,12,'Даже не знаю что сказать. Барабаны - здорово.Галоп- работать под метроном .спокойно.руки запоминают и ищут удобные траэктории.'),(8,7,'2020-04-09','Гаммы ля мажор и фа диез минор остаются. септаккорды учить\r\n.Буквы G,H.\r\nЭтюд 17\r\nПьеса -6и7 строчки.\r\nбарабаны -видео Billi Badd/',1,11,'барабаны молодец. ксилофон наконец разобрали ритм.под метроном и медленно.слушай маму и всё будет хорошо.видишь, как она тебе помогает стать человеком.цени.'),(9,18,'2020-04-09','Этюды на бар.Августини 13 и14. \r\nБуква F 4спос.\r\nучить ноты .\r\nэтюд на м.б. - 11. с шестнадцатой паузой.',1,11,'Хорошо. Палочки держи от края сантиметра 3. Старайся выучить этюд без остановок и ошибок. а потом записать видео.'),(10,19,'2020-04-09','5 ролли рафф.\r\n буква E.\r\nG мажор по схеме.\r\nэтюд  кевин так 16 и17.\r\nДжингл белз -учить .Учить ноты и их буквенные обозначения',1,10,'не смог связаться с вами. на вайбер не плучилось.написал в телеграм. на сайте уже многие,у кого были вторые уроки всё получилось.комфортно и не сложно'),(11,13,'2020-04-09','1)Этюд 17 на м.б.   2)буква H 4способа -5 минут способ.\r\n3)  ШЕСТИУДАРНЫЙ РОЛЛ.',1,7,'Єльдар .заниматься нужно хоть понемногу,но систематически. В удобное время запиши видео и вышли. Сайт   cherkashyn.ck.ua   логин и пароль тот который указали.'),(12,5,'2020-04-09','C dur .a moll D7..зм.ув. \r\nЭтюд 17 .\r\nСвинг -IVA\r\nХора стаккато 4строчки',1,11,'Кирил молодец. Барабаны хорошо.но можно с напором.Посмотри в группе Никитина видео.Ксилофон проверяй текст ,знаки и длительности.Слушай ютуб и сравнивай во время разучивания.Занимайся больше на педе буквами, рудиментами 2 в день .этюдами.'),(13,11,'2020-04-10','A dur. a moll.с септаккордами.2).   Галоп -играть медленно с динамикой под метроном.  Учиться чувствовать метр.3) свинг -соло с хетом. Играть таттовые упражнения с триольного раздела.4)этюд любой.',1,11,'Без педагога не  получаэтся пока рыться в тонкостях. Для этого он и нужен (педагог) научить рыться,но уже не много до окончания учёбы.    \r\n.Значит вы знаете ,что делать и становитесь \r\nнезависимыми от кого- нибуть.Люблю Вас.'),(14,20,'2020-04-07','Играть четверти,по 4 удара,учить ноты первой октавы- называть их и пробовать писать в тетради.\r\nРуки держать перед собой. Этюды скину на почту.',1,8,'Жду рассказов о заеятиях Тихона'),(15,12,'2020-04-07','Играть четверти. По 4 удара. Следить за руками всё время .по 5 минут каждое упр.\r\nУчить ноты первой октавы. писать в нотной тетради и называть вслух. Этюды вышлю на почту.',1,9,'Коля-руки впереди нужно держать. Не спеши.чувство метра требует спокойствия и часовой точности. Дыши спокойно и играй.'),(16,6,'2020-04-07','Чепин -триольный раздел(однотактовые упр.) Гаммы одна мажорная одна минорная с д7 и ум.вв.Пьса на барабанах вторая .Ноты на почту вышлю.Буквы -EFGH',1,10,'особое внимание СИМЕТРИЧНОСТИ РУК.'),(17,17,'2020-04-07','Буквы EDFH - руками и ногой.по три минуты. Пьеса на установке Exit For Fridom.Ноты вышдб на почту.Этюд 5.',0,7,'Лёша у тебя урок по расписанию в 17.10.\r\nЖду видеоотчёта барабанов(пьеса).\r\nДоучивай сонату на ф-но. 8 тактов в день(быстрая часть)'),(18,9,'2020-04-07','Разучить на барабанах Exit for Fridom, Разобрать новую пьесу 8 тактов.Этюд на м.б. -любой,читать. Роллы 5-9 ударов. По 4 удара на педе -отрабатывать кистевой замах,свободный и с амплитудой. нотыEXIT FOR/// вышлю на почту.',1,10,'учись для себя. не для меня.'),(19,16,'2020-04-07','Играть букву -Е -4 спос.Этюд 7,11 - повторить, .на бараб. этюд - 6.7.8. Учить  ноты первой октавы и легко их читать.',1,9,'много остановок. Играть этюды для м.б. стоя надо.Буквы (путаница в руках на фрршлагах).замахи делать кистями .а не саблей рубать.'),(20,20,'2020-04-09','Играть четверти. По 4. Этюд 5.',1,9,'Заниматься ударами .Следмть за руками.'),(21,12,'2020-04-10','Играть упражнения по одному удару,по 4, 4-8. этюды 2и3. Букву А . Играть всё кистями с высоким замахом.Учить ноты 1 октавы.',1,10,'отлично.руки вперёд ставить.'),(22,6,'2020-04-10','соль синор ,си бемоль мажор с септаккордами.\r\n2)свинг триольный однотактовые первые упр.\r\n3)Exit for Freedom разучить.\r\n4)разбирать новую пьесу понемеогу(8-16 тактов)',1,11,'Каждый знает для чего он занимается. Объём занятий и качество их как раз и связано с- ДЛЯ ЧЕГО. Вы знаете свои задачи в такой семье ,как ваша -100проц. музыкантов.Делайте на своё усмотрение.Только руки надо поправить постепенно.'),(23,17,'2020-04-10','Billi Badd- записать и прислать ссылку\")2.этюд на м.б.3)роллы.6 ударный',1,8,'Нет видео пьесс на барабанах.'),(24,9,'2020-04-09','Рудименты (роллы - 5-17уд.).2) этюд следующий,по одному в день читать(медленно но правильно).3)Еxit -прислать видео.4)скерцо -одну цифру вычистить и прислать.',1,10,'Нужно задание делать как обычно, до урока. Прислать видео указанное, а остальными упр. заниматься. На урок открыть сайт и посмотреть задание ещё раз и отчитаться по всем пунктам.'),(25,16,'2020-04-09','1) буква F - 4 способа. з минуты на способ.2) этюды 11.12 -играть по 5 раз под метроном(медленно)Барабаны -этюды 13.14.',1,9,'заниматься систематично,нас ждут залы и филармонии.Один этюд на барабанахвна урок присылать.'),(26,4,'2020-04-03','Барабаны -Exit for freedom-записать видео.(играть жёстко).Концертино -учить по потребности, но систематично,-выучить до середины мая желательно . Свиговые упражнения Чепина -триольный раздел -под метроном.-10 упр.(однотактовые, Только руки.',1,12,'приятно работать с вундеркиндами.'),(27,15,'2020-04-08','Буквы -E/F/-4 способа.2)Гаммы -до мажор.ля минор с арпеджио.(штрих две стакато две легато)Старинный танец- учить до конца. Разбирать на фно менуэт-по 4 такта на урок..Этюд на м.б. - выбрать по сложности средний.',1,8,'Займатися уважно.не поспішай.навчи свої руки на вправах базовим елементам. потім потроху додавай нових. так назбираєш цілий арсенал. Вчи літери - по одній в 2.3 дні. грай етюди. і потім легше буде читати ноти на барабанах.'),(28,14,'2020-04-08','Гаммы- соль мажор. ми минор.Штрих -по две легатто.Буквы ЕF- 4 способа. Этдю на м.б.- для читки любой.Записать Старинный танец и выслать ссылку. разбирать Танец тюдбпанов.',1,10,'Молодец, Старайся считать правильно. пропустил ряд нот на второй странице. Вступаешь опять не на 3 долю после паузы. а на 2. Всё ,что играешь ,играй спокойно. не ускоряй . Расслабляй кисти и плечи.'),(29,8,'2020-04-08','учить буквы E J. Этюд на выбор из имеющихся.\r\nСемиударный рол.\r\nПарадиддл.',1,10,'Этюди 1- нормально. 5-играй под метроном.гуляешь в темпе.Динамика где(ярче форте и пьяно).ксилофон- не те ноты берёшь в интервалах. посчитай каждую ноту и знак по доле каждой, потом играй.'),(30,4,'2020-04-08','Митя\" Фридом\"-минус ищи на вайбере . я скину.2)Чепин -триоли однотактовые.3)концертино дальше разбирать.Скинуть видео фридом.  Ксилофон -не ускорять.под метр.',1,12,'занимайся и всё будет хорошо. обнимаю.'),(31,15,'2020-04-11','Назар Починай з літери А і добивайся за заняття якогось прогресу.Підбирай етюди ,які розумієш,та напрацьовуй читку. на ксилофоні гами -маж. та мін. .пьеси по кілька тактів. заставляй себе трохи працювати за планом. За рік не впізнаеш себе.Висилаю ноти.Вибирай.',1,9,'Старовинний танець треба по кілька тактів в день вчити,але уважно текст розбирсти.гами такі як у Матвія. Єтюд  15. На барабані.'),(32,14,'2020-04-11','Играть букву Q  4 спос. Они в сборнике Бенни Греба. Мельница от1 до 4. 5ударный ролл .пьесу играть медленно и выверить вторую страницу. Учись работать с нотами без помощников.       внимательно считай ритм и проверяй при разборе кождую ноту и знаки.',1,10,'Матвей.отрабатывай старинный танец. Клавир вышлю скоро.играй буквы,этюды,гаммы.'),(33,8,'2020-04-11','Играть буквы КLMN - медленно очень, но правильно 2).этюд №3 и4. 3) роллы 6и7 4) фею драже- за неделю 18 тактов.Там не сложно. Учи медленно. Жду записей.Маме привет.Ноты прикреплены .скачай.',1,9,'Лада ,де твоє відео? Запиши на телефон  скинь у вайбер.хочу побачити очима.'),(34,4,'2020-04-10','Митя .Учишь буквы AEKO по вернему ряду.Рудименты 5-17 ударов.Свинг триолями только руки(однотактовые)с хетом ногой.Концертино дальше,сколько осилишь.с расчётом до середины мая выучить.Начинай фанк понемногу.Обнимаю.Всем привет большой!',1,12,'митя . Ноты есть у тебя и желание быть лучшим. работай усерлно ,с головой .Я тебе уже не так сильно нужен каждый раз. ты многое знаешь и умеешь рабатать и искать .хрчу ,чтрбы вы раньше научилися быть самостоятельными.'),(35,13,'2020-04-13','Эльдар- учи азбуку EFGH всеми способами.2)Мельница до шестнадцатых.3)этюд свой -он в сборникеэтюдов для малого барабана.почитай ноты на тренажёре Exit for freedom.',1,8,'ищи возможность позаниматься любую.хоть руками.'),(36,20,'2020-04-14','Играть 4и5 этюд. Руки держать возле барабана,а не вверху.Больше играть одиночные удары.По 4 удара - играть только кистями.По возможности сделать видео и выслать на вайбер.',1,8,'Андрей .я выслал видео этюда и упражнений для Тихона.и выложил на сайт -этюд 4. занимайтесь понемногу.'),(37,18,'2020-04-13','Захарчик учишь 9 и 10 Августини(. 10 записать). Буква G -4способа. В.Конаков- на барабанах этюд №3(внимательно взбивки в последних тактах).5ти ударный ролл- разобрать руки правильно.Ноты второй октавы учить. На видео сыграл молодцом.Кто клипмейкер,?',1,10,'Захарчик. ты когда записываєшь видео, называй каждое новое упражнение ,чтобы я понимал ,что ты играешь.И не ленись считать вслух. Записывай то.что я в скобках укажу. А в общем молодец.За это время можна хорошо научить руки.'),(38,19,'2020-04-13','Задание прежнее,Я его не услышал,не увидел.Оценка за ваше напорство и материал,корый прошли.Мы немного впереди уже.Жду видео от вас(гамму Ре мажор- тремоло по 7.восьмые.Шестнадцатые, арпеджио и пятиударный ролл. буквы писать не надо.Скачайте Работа над гаммой и мельница.(под метроном до шестнадцатых.',1,10,'Хорошо.Играйте спокойно и не переживайте.Делайте правильную базу без спешки.'),(39,7,'2020-04-13','Разучивать вторуб страницу,а первую нагнрывать. Поучить Exit For Freedom на барабанах. Любая триоль заканчивается в следующей доле без паузы. тататата .а не татата та.Гамма ре мажор и см минор с септаккордами.этюд для читки 18параддидлы  тройные.',1,10,'БАрабаны хорошо.Ксилофон- включай метроном и не лети вперёд.Ритм считай правильно.Восьмые на третьей строчке ровные,не триольные.В нотах всё указано-и длительности ,и ноты .и знаки. Научитесь за столько лет правильно читать информацию.'),(40,9,'2020-04-14','Вторая цифра Скерцо вычистить .медленно.2)разобрать за неделю  первую стр. Woodpile/3)учить на барабанах Векла -особо импровизации. Буквы Q/R/S/руками все способы. Этюд читатьнна м.б.19',1,7,'нЕ ВИЖУ РАБОТЫ МОЕГО ЛЮБИМОГО УЧЕНИКА.нА ВРЕМЯ УРОКА ВИДЕО ДОЛЖНО ВИСЕТЬ НА САЙТЕ ИЛИ В ВАЙБЕРЕ.пАША КАРКНТИН -ЭТО ДИСТАНЦИОННОЕ ВЫПОЛНЕНИЕ ЗАДАНИЙ И ОТЧЁТ, А НЕ КАНИКУЛЫ.'),(41,5,'2020-04-13','1)Проверь ноты хоры стаккато,2) Баллада на барабанах(видео на понед) 3)буквы -К- руками.4) рудименты - все парадиддлы(4). 5)этю15.\r\nТехнические упр. каждый день спокойно,для удовольствия.Наращивай потенциал.',1,10,'заходи на сайт на следующий день после урока и проверяй новое задание.Видео на сайт ложи.Хора- считай и думай.Надоедает разбор без головы.Учи балладу на барабанах .из того же сборника.'),(42,16,'2020-04-14','Учить букву G. Августини этюд 9.10 на барабанах. 5ударный ролл(ДВОЙКАМИ). и рафф(ПООЧЕРЁДНЫМИ УДАРАМИ).уЧИТЬ НОТЫ ДВЕ ОКТАВЫ.',1,10,'Молодець.рахуй уважно,слідкуй за чергуванням рук.намагайся грати без зупинок'),(43,9,'2020-04-14','тРЕТЬЯ ПЬЕСА НА БАРАБАНАХ (Видео баллады на сайт).(Баллада из сборника того же).2) вторая цифра скерцо.3)Woodpile учить до четверга первую стр.Наигрывать Векла импровизации.',1,9,'Паша.займайся вчасно.Хочу бачити відео  до уроку,бо не можу оцінку та коментар прставити.'),(44,10,'2020-04-13','Ноты закачать.15этюд в (Этюды для малого барабана).5 ролл в рудиментах.Джингл - выучить по нотам на фно для себя.Буквы в сборнике Бенни Гребб. Скачайте просиотрите и по поступлентю заданий распечатывайте.Можно играть больше,для себя.то что понимаешь.',1,8,'разбирайся с сайтом.там всё написано. и отправляй видео на сайт.'),(45,12,'2020-04-14','Этюд I из сборника (этюды для малого барабана) попробовать почитать. Буква В- акцент на второй шестнадцатой левой рукой. 4-8 ударов. по 4 -играть по 5 минут каждое упр.Руки держи впереди,не за спиной.Постановка -это очень важно для свободной и лёгкой игры в быстрых темпах.',1,9,'Хорошо.Молодец Коля.Твоя главная ошибка- сильно спешишь.Играй ровно под метроном желательно.С этюдом разобрался правильно .упражнени тоже хорошо.внимание ритму и рукам больше приделяй.'),(46,6,'2020-04-14','Заниматься Чепином ,Чем больше,тем лучше.Латиной.Фанком. Ну и про рок не забывать.Читать больше этюдов любых и на всём.Сдушать МАСТЕРОВ ианализировать -ПОЧЕМУ ТАК.Пьесы на барабаны.',1,10,'добре. слідкуй за руками. намагайся більше грати врав для барабанів.'),(47,4,'2020-04-15','Митя выслали кусочек аккомпанемента.медленно. играй споеойно.Учи дальше концертино.Свмнг.и шлифуй технику упражнениями игаммами.(разная динамика, темпы,штрихи)высылай барабаны пьесы на следующий паз.',1,11,'Отлично. Дима Как с клавиром?'),(48,11,'2020-04-13','КлавирГалоп  ноты дали Лесе Петровне.Они запишет.Вышлем.Исправить ошибки ксилофона.Найти триольное соло Чепина и разбирать.пробуйте под чепиновские минуса. Посмотрите на нашем сайте видео о клавишах и т.д.Д7',1,11,'отлично.когда играете Галоп.слушайте сильную долю метронома.как только услышали сбой с доли,сразу ищите причину. Свинг нужно играть долго.И только под метрон. Рука правая нарабатывает движение- это длинный процесс. потом будет результат.'),(49,17,'2020-04-14','Лёша поучи пьесы Билли Бэд. и Фолдед. Запиши видео и пришли.На ркеи буквы - Q.R.S. Этюд любой ,на вкус на м.б.',1,8,'Лёша, играй в удовольствие.Разбери медленно Exit for freedom и поучи.Потом запишешь.Повторяй сонату периодически до екзамена.'),(50,14,'2020-04-15','Учить гаммы  ми мажор идо диез минор.буквы второго ряда все.этюд на твой выбор. Девятиударный ролл.',1,10,'Не бачив поки, але відчуваю .що з оанку до вечора.'),(51,8,'2020-04-15','Етюд 16 на бар..двойной парадиддл.буква l.тане феи драже до конца.мельница до 6ударов.',1,10,'красава. Дуже добре  розібралася з. сайтом.Молодець. Хочу побачити \"Лускунчика\"'),(52,18,'2020-04-13','Буквы Н.- 4 способа.Этюд №1 на малом барабане (м.б.) Августини -этюды для установки -№11 и12. ШЕСТИУДАРНЫЙ РОЛЛ.',1,10,'Захарчик молодец. Когда играешь новое упражнение,называй его сначала.Играй примерно 10,15 секунд.чтобы успеть понять иувидеть ошибки.'),(53,18,'2020-04-16','Мельница до шестнадцатых и обратно..Шестиударный ролл -в рудиментах.Этюд на мал.бар.№1.Кизант -соло2.6 -4 строчки. теперь на сайт можно добавить 3 видео.',1,10,'Назар єтюд №1 я виклав у відеоархів.і 6 ударний ролл також. Соло 2.6 - ми розбирали в класі (триолями на альтах)повчи 4 строчки.'),(54,7,'2020-04-16','Играть этюды и больше, и научиться считать №(16-17).Разбирать пьесу медленно.РИТМ-ОСНОВА МУЗЫКИ!!!!!!!!!!!!!!!!!!!!!!!Гамма Ми мажор и до диез минор.Рудименты с одиночными форшлагами(флемами)-по одному в день.Барабаны -баллада,в том же сборнике.',1,11,'Дуже добре.Хотілося  щоб відношення під час занять було ,як на виступі. Руки все запамятовують.На барабанах посадка ,і активніше рухи.Рим кліком в балладі.Єтюди з динамікою.'),(55,19,'2020-04-13','Мельница до 16.Шестиударный ролл в рудиментах.(руками двойки.)этюд №1.Гамма фа мажор и арпеджио(фа ля до фа ля до фа и назад.)',1,10,'Дуже гарно граєте.Грайте гами в повільному темпі.Не поспішайте за швидкістю-зараз якість  на першому плані.'),(56,11,'2020-04-13','Рудименты -все парадиддловые.(4)- по 5 мин.2)свинг 10 упражн.первых триольных по3мин. 3)Гамма- соль бемоль мажор.Д7.Этюд 19(этюды для мал.бар.)прилагаюься.Галоп -уже давайте без ошибок.',1,11,'Молодці.Дуже гарно.А для Діми -ПОГАНО, НІКУДИ НЕ ГОДИТЬСЯ.'),(57,13,'2020-04-15','Эльдар- учи азбуку EFGH всеми способами.2)Мельница до шестнадцатых.3)этюд свой -он в сборникеэтюдов для малого барабана.почитай ноты на тренажёре Exit for freedom.- на барабанах. задание остаётся.',1,8,'Єльдар чекаю відеозвіту.'),(58,10,'2020-04-17','Максим буквы - ЕF,G.H/   этюд 6 (этюды для мал.бар.)-сборник. учить свою пьесу на ф-но.',1,8,'Не уважний.Багато помилок в этюді.'),(59,5,'2020-04-16','Мельница до 8 ударов(ноты прилаг.)Все роллы (5-17 ударов -40.рудиментов)Хора считать внимательно.барабаны - баллада.Этюд19. для малого бар.',1,10,'Кіріл.Рахувати потрібно уважно.По одній ноті розібрати текст.а потім цілу фразу заграти.Уважніше.Руками удари роби енергійніше.На педі відпрацьовуй починаючи з четвертей.по 4.'),(60,20,'2020-04-16','Играть при возможности упражнения на педе этюд4, по 4 удара.Видео выслал на вайбер Андрею и Сайт учеников.',1,9,'Займайтеся потроху.Удари 4,4-8.Єтюди ті,що вчили.Якщо є можливість надійшліть маленьке відео.'),(61,12,'2020-04-17','Коля- Грати по4удари,5 ударний рафф ,єтюд 4,літеру А.',1,10,'добре.Микола ,не хвилюйся.Грай повІльно.Чітко рахуй.Будь уважнми і сконцетрованим під час занять.'),(62,6,'2020-04-17','Грати триольні вправи Чепіна.Три п,єси на барабанах.Гама соль діез мінор.розбирати потроху новий твір.',1,11,'Добре.Ваня дуже гарне відео.Все видно та чути.Більш емоційно грай.З творами врався.'),(63,9,'2020-04-16','Завдання залишається. Вчи вудпайл.',1,11,'Добре..Вудпайл було на сьогодны.Треба було хоч трохи вивчити.'),(64,15,'2020-04-15','Грати гами мажорні всі.арпеджіо. Довчити Пьесу.Літери -E-J.',1,8,'Назар .Працюй.Хочу бачити від тебе плоди праці.'),(65,4,'2020-04-17','Діма -Рудименты почерзі.Три твори на барабанах(Billi Bad та дві попередні)Концертино -прибавляй тексту потроху. Єтюди на розсуд.',1,11,'Діма немає на сайті досі. але чекаю і сподіваюсь.'),(66,13,'2020-04-20','Завдання залишається .',1,10,'завдання залишається'),(67,14,'2020-04-18','Матвій завдання на тиждень залишається.,доки не проаналізую попередне',1,9,'Матвій, займайся уважно.Вчи гами .етюди твори.Займайся для себе.'),(68,8,'2020-04-18','Лада вчи  Танець феї драже.Відео На паступний після пасхи урок.Єтюд №6,Роли 5-9.',1,10,'Чекаю Танець феї драже.Єтюди добре граєш.'),(69,18,'2020-04-20','Розібрати соло Кізанта 2.6 -4 строчки(надіслати відео).Семиударний ролл(в 40 рудиментах.).Грати \"млин\"(мельница) до шістнадцятих під метроном.Спробувати Майкла Джексона під мінус. Можна додавати свої брейки(Взбивки)Літера А-Д  ---  шліфувати якість.',1,10,'завдання попереднього уроку'),(70,19,'2020-04-20','Розбирати \"Крижачок\". Літери А-Д - кистями під метроном.Гама - Соль мажор. Єтюд 12-Кевін Так.   Відпрацювати синкопу.',1,10,'завдання заллишається'),(71,20,'2020-04-21','Грати вправи для рук. По 3 хвилинки.Єтюд 4 -я виклав у відеотеці.',1,0,'Тихон привіт. Треба потроху займатись'),(72,7,'2020-04-20','Ксилофон - гами Ля бемоль мажор та фа мінор. Д7 та зм.ув..По схемі .(тремоло іт.д.) Пєса-темп поки не збільшувати. За тиждень десь. Єтюд \r\n17(відео) Рудіменти (20-23)-видео.',1,11,'святковий вихідний.завдання попереднього уроку'),(73,9,'2020-04-21','Паша розбираєш вудпайл половину першої сторінки.(відео) ,другу цифру скерцо.(відео)роли 5-17 ударів.по 4 рази заграєш на відео.Єтюд 17 .\r\nВекла- вчись грати соло .спробуй записати за  тиждень.на четвег.',1,10,'Паша делаешь минимум .Ты можешь больше.Апдаун на хай-хете ярче нужно.'),(74,5,'2020-04-20','Грай вправи для рук.Почни спочатку. Напрацюй хлісткі замахи і удари.Хору стакк. дві сторінки на тиждень.(відео).Гама сі мажор Д7.Єтюд 18 на м.б.(відео)',1,10,'завдання залишається.святковий вихідний.'),(75,16,'2020-04-21','Літери А-Д -Форшлагами.Августіні -Єтюди наступні 2.Барабани).Єтюд 16 повторити.',1,10,'Добре. Тільки в літерах потрібно додержуватись аплікатури.В і  Д форшлаги на ліву руку.барабани добре.'),(76,12,'2020-04-21','Єтюд I .5 удрний рафф.Лытеру А.Вчи ноти першоъ октави.',1,9,'Не зрвсім точно відтворюються довжини.Періодично тіж самі ритми граються по різному.А взагалі добре.Треба ще попрацювати.'),(77,17,'2020-04-21','Олексій повчи Billi Badd в повільному темпі з урахуванням моїх зауважень. Потім запиши відео в темпі,як на конкурс.',1,7,'Слабенько Льоша.Навчись рахувати вголос,коли розбираєш текст.З такою зачіскою повинен грати ,як козак.'),(78,10,'2020-04-20','Максим повчи єтюд з головою.Запиши потім послухай і дивись в ноти.Тільки потім висилай.Треба працювати над матеріалом,а не відмазуватись.Мені треба .щоб ви навчились розуміти ,що граєте і помічали  все ,що є в нотах.Літеру H повчи.',1,10,'завдання попередньго уроку'),(79,6,'2020-04-21','Розбирати соло триольне для рук і ніг(назразок IV A).Парадиддли  між руками та ногами -права рука восьмі в райд.Єтюд 31.Ксилофон -нова пьєса(Скільки вийде)',0,0,'не отримав відео, та не зміг додзвонитись нп вайбер.'),(80,4,'2020-04-22','єтюди Чепіна тридольні. Гами- соль бемоль мажор и минор паралельний.Концертіно -далі розучувати.Барабани любий мінус грати і записати.',1,12,'Добре.Тільки не уповільнюй вкінці гами темп.Д7 кожного разу розвязуй в тоніку(арпеджіо).'),(81,11,'2020-04-20','Гама З Д7. МІ МАЖОР.єдюд 19.Свінг -соло знизу для рук.ДЖеКСОН -пограти кілька разів,просто тримати грув енергійно.\r\nГалоп -динаміка.',1,11,'святковий вихідний.завдання залишається'),(82,14,'2020-04-22','Грати всі гами.По повеій схемі Ля мажор(тремоло. восьмі,триолі та далі). Старовинний танець - с початку до кінця(записати відео).єтюд № 5 із збірки єтюдів для малого барабана(прикріплено в завданні).',1,9,'Матвій -карантин це не канікули. Працюемо ,виконуємо завдання і висилаємо відео.'),(83,15,'2020-04-22','Грати всі гами.По повеій схемі Ля мажор(тремоло. восьмі,триолі та далі). Старовинний танець - с початку до кінця(записати відео).єтюд № 5 із збірки єтюдів для малого барабана(прикріплено в завданні). Лтера Н всіма способами.',1,8,'Назар мало. Треба більше записати.Займайся.читай єтюди, грай гами,твори. Дарма не пропаде.'),(84,8,'2020-04-22','грати літеру К -всіма способами.Єтюд XI із збірки єтюдів(прикріплено) ноти дивись на моніторі.Лускунчик -записати відео.Лада .зроби завдання -часу вистачає.Займайся кожного дня по годині .можеш по 20 хв. ,але тоді три рази.',1,9,'Молодець!!!Виставляй відео до початку уроку.'),(85,7,'2020-04-23','Ксилофон - гами Ля бемоль мажор та фа мінор. Д7 та зм.ув..По схемі .(тремоло іт.д.) Пєса-темп поки не збільшувати. За тиждень десь. Єтюд 17(відео) Рудіменти (20-23)-видео.',1,11,'З Днем Народження пройдешнім.Здоров,я .Наполегливості.впевнено йди до мети. Праця допоможе.'),(86,18,'2020-04-23','Розібрати соло Кізанта 2.6 -4 строчки(надіслати відео).Семиударний ролл(в 40 рудиментах.).Грати \"млин\"(мельница) до шістнадцятих під метроном.Спробувати Майкла Джексона під мінус. Можна додавати свої брейки(Взбивки)Літера А-Д --- шліфувати якість.',1,10,'Захарчик, млин не правильно.Я вишлю,як правильно.Рудіменти не зовсім також.Теж вишлю.'),(87,19,'2020-04-23','Розбирати \"Крижачок\". Літери А-Д - кистями під метроном.Гама - Соль мажор. Єтюд 12-Кевін Так. Відпрацювати синкопу.',1,11,'Гарно.Гаму треба грати послідовно: тремоло чверті, восьмі. триолі, шістнадцяті. У крижачку - тремоло 5 ударів. у вас тремоло звучить довше чверті. А взагалі молодці.'),(88,10,'2020-04-24','Розбирати \"Крижачок\". Літери А-Д - кистями під метроном.Гама - Соль мажор. Єтюд 12-Кевін Так. Відпрацювати синкопу.',1,8,'Максим -дивись на завдання та висилай відео.Я ставлю оцінку по відеозвіту.'),(89,13,'2020-04-22','завдання заллишається',1,9,'Якісне відео та багато помилок.Пограй з моїм відео разом.           Ти почуєш свої поимлки. За оперативність дякую.Молодець.'),(90,5,'2020-04-23','Грай вправи для рук.Почни спочатку. Напрацюй хлісткі замахи і удари.Хору стакк. дві сторінки на тиждень.(відео).Гама сі мажор Д7.Єтюд 18 на м.б.(відео)',1,7,'не правильно.разбери внимательно ноты и послушай.'),(91,11,'2020-04-24','Гама З Д7. МІ МАЖОР .єдюд 19.Свінг -соло знизу для рук.ДЖеКСОН -пограти кілька разів,просто тримати грув енергійно. Галоп -динаміка.',1,11,'Дима молодец,но есть маленькие неточности. Скорее механические. Вцелом- люблю и обнимаю.12 идеальное исполнение.жду.'),(92,20,'2020-04-23','Грати четверті, по 4 удари, єтюд 4,5.Вчити ноти першої октави.',1,9,'Тихон, треба займатись потроху.Я буду висилати відео з уроками.Дивись та повторюй за мною.В тебе все вийде.'),(93,12,'2020-04-24','Під метроном чверті,восьмі(,восьма дві 16 )    (,дві 16 восьма.) єтюд Кевін так 4 та5 -верхні. Триолі через чверті -по такту. просто триолі. Мельница- від 1-4 і назад.',1,10,'Добре.Этюд 4 -дуже гарно. Триолі дуже гарно. Єтюд 1 рим.-не дуже гарно. Є текстові поимлки.Не завжди правильно рахуєш долі.Взагаль -добре.'),(94,16,'2020-04-23','Авгвстіні 13.14., Літера Е-F-G-H/---почергово RLRL.єтюд на мал.бар.-I.Відео в медіатеці. Вчити ноти першої октави.',1,9,'Марк-  Літери граєш не тими руками.плутаєш аплікатуру. і на форшлагах також.Не прискорюй темп. Рівно грай та рахуй. Августіні- 13 та 14 єтюди : замість 3 ударів після паузи .весь час грав 2.'),(95,6,'2020-04-24','завдання залишається.',0,0,'Ваня ,чому не виходиш на зв,язок?Другий урок поспіль.Висилай відео хоча б.'),(96,17,'2020-04-24','єтюд 13 повчити.записати. барабани біллі бед записати.',1,7,'Льоша .мало займався і мало повчив.                     одне завдання можна вивчити.'),(97,9,'2020-04-23','Этюд 13.(відео) Вудпайл -пів сторінки(відео).Векл -з імпровізом (відео).Скерцо  с початку до 2 цифри.(відео)',1,10,'Відео не знайшов.Ставлю 10- сподіваюсь.завтра розібратись.'),(98,4,'2020-04-24','Записати Каліфа.Одягнутися як на конкурс.(якщо на ксилофоні вийде).Концертино хочу побачити більше.Гами грай як в класі.(Мі мажор).єтюд 19.',1,11,'Діма вікладай запис.'),(99,15,'2020-04-25','Гама- соль мажор.арпеджіо.   Єтюд 28(прикріплено). Літера - i.J.   танець записати до кінця.Повільно.',1,7,'Назар подивись у Матвія. Хай він тобі пікаже. Середина і далі не вмвчив.за місяць.стидуха.'),(100,14,'2020-04-25','Гама- соль мажор.арпеджіо.   Єтюд 28(прикріплено). Літера - i.J.   танець записати до кінця.Повільно. Завдання одне на двох.допомагайте друг другу.',1,10,'В кінці твору є помилки. А взаггалі добре.'),(101,13,'2020-04-27','Єтюд 14 - повиправляй помилки.28 - розбирай та запиши.Назару такий же.(ноти прикріплені). Літери -клмн.-почерговими ударами тільки.',0,0,'Не дозвонився по вайберу.Відео не викладене.Не маю .що оцінювати.'),(102,8,'2020-04-25','1) Млин до 5 ударів.\r\n2) Подвійний парадиддл.\r\n3) Танок ФеЇ Драже - відео.',1,9,'Лада триолі та квінтолі не правильно.послухай вайбер.'),(103,19,'2020-04-27','Гама мі мінор.(в послідовності) єтюд I.(Збірка прікріплена).Єтюд для ксіл.1(прикріплена)Крижачок з виправленою чвертю тремоло.',1,9,'Завдання залишається .'),(104,20,'2020-04-28','Поодиночні удари. По 4 удари.Кевін Так єтюд №1.Бені Гребб-літера А. RLRL з акцентом на першу ноту.Відео вишлю на вайбер та викладу на сайті.Дивись  і повторюй.',1,0,'Андрей,пожалуйста вышли хоть какое-нибуть видео как Тихон занимается.пусть пару минут.'),(105,18,'2020-04-27','Подивитися як треба грами млин І рудіменти та спробуй ще раз.Кевін Так -єтюд 11.12- повторити. Августіні єтюди на установці 19.20.Азбука -Літера F.',1,10,'Дуже добре.Грай літери ,тільки уважно аплікатура.Єтюди- розвинеш читку та техніку.'),(106,7,'2020-04-27','Завдання залишається.Вдосконалюй.',1,11,'добре.на другій сторінці  третя доля перед глісандо яскраво грати. восьмі па мі бекар -не 16.'),(107,9,'2020-04-28','Паша ,якщо ти виклав відео ,то на яке число? на сьогодні нема.Слідкуй за датами.Готуй гами .єтюд та пьєси до екзамена.',1,11,'Скоро єкзамен.Соната та Скерцо.Векл свінг. Часу мало. Займайся вже наповну.'),(108,5,'2020-04-27','Кіріл- подивись уважно ноти Хори.По кожному такту та порахуй.Не розумію тебе.Єтюд на м.б. вчи на конкурс і дві гами-маж. і мінорну.',1,8,'іріл те ,що ти записав - постав ноти,  і вмикни запис. Міліон помилок. Ти взагалі рахувати не вмієш?'),(109,16,'2020-04-28','Грати тільки почергово літери -2 спосіб -першу колонку,без форшлагів.Руки тримати правильно(слідити).Єтюд 13 та 14 перевчити з правильним рахунком долей. -   1 та.та,та     .а не   - 1 та,та .Там три шістнадцяті після паузи.',1,10,'Марк займатись треба систематично, хочаб по троху.Тільки тоді станеш справжнім музикантом. Музиканти займаються все життя.Це спосіб життя. Якщо вибрав цей шлях,треба тренуватись через хочу не хочу.'),(110,12,'2020-04-28','5- ти ударній ролл.,Мельница -2 строчки под метроном или видео.Єтюд 4 Кевин Так.Триоли через четверть.',1,10,'Молодець. млин -тріоль не зовсім вірно.Єтюд -шикарно.5 уд. ролл дуже гарно.'),(111,10,'2020-04-27','Кевін так єтюд 12.Малий бар.- єтюд28.Літери EFGH- тільки форшлагами. На ф-но повторювати пьєсу.',1,9,'Уважніше рахувати.Треба прикладати сили для виконання завдань.Працювати.'),(112,17,'2020-04-28','13 єтюд повчити з запмсом і вислати на сайт.можеш грати зі мною. я почую всі неспівпадіння,якщо такі будуть.',1,8,'Льоша Єтюд краще,але ще є поимлки.Не уважно рахуєш.'),(113,6,'2020-04-28','Ваня запиши будь ласка відео  Гами ES dur з D7  та с moll із зм.ув. Єтюд  18(прикріплено збірку) Свінг триольне соло з ногою.',1,11,'Молодцы. по вожможности занимайтесь.не усердствуйте.Здоровье дороже.'),(114,4,'2020-04-29','Записати Каліфа.Одягнутися як на конкурс.(якщо на ксилофоні вийде).Концертино хочу побачити більше.Гами грай як в класі.(Мі мажор).єтюд 19.',1,11,'Дима чекаю подвигів.'),(115,11,'2020-04-27','Записать гаммы  аж.и минор любые. Этюд 31 галоп  чууть  быстрее..свинг соло 4с.',1,11,'этюд 31 - Діма постав свій запис,візьми ноти і уважно рахуй чвертями. побачиш скільки раз не співпаде.Уважніше .Новий твір на барабані ,гарно.Гама і арпеджіо - є зауваження.А загальна картина добра. Працю видно. Молоддці.'),(116,4,'2020-04-29','Гами маж. Та мінор любі з d7.концертіно.єтюд 28.',1,12,'Супер.Молодець  Діма.Я виклав на вайт твою роботу.'),(117,14,'2020-04-29','Ля мажор. Соль мінор.єтюд 15. Уважно довчити кінець пьєси.',1,10,'Добре.Чекаю пьєсу та гами.'),(118,15,'2020-04-29','Довчити до кінця..єтюд  13.гама соль мажор по всій схемі.',1,7,'Назар, ти можеш записати більше 17 секунд? До кінця повчи.Де єтюд.гама?'),(119,7,'2020-04-30','Паша Виправити та записати другу сторінку ВУДПАЙЛ. !7 єтюд ще раз із рахунком уголос записати.(багато помилок по долях).Рудіменти треба грати з усіма акцентами і аплікатурою ,що вказана.інакше це не рудімент.Наступні 4 рудіменти.Пробуй свінг -самі перші вправи чепіна(однотактові з хетом ногою на 2  і  4       -12 вправ.)',1,10,'Вудпайл-гарно,виправив. єтюд- не годиться, не рахуєш.Треба не лінитись розбирати текст. це час,але краще під час навчання ,ніж потім позоритись перед усіма.'),(120,19,'2020-04-30','завдання попереднє залишається. Грайте всі гами потроху.щоб не забувати.',1,12,'Супер.\r\nЗа що мені таке щастя.Красунчик.Дуже добре. Зауваження: коли граєш гаму, ліву руку тримай на одній лінії з правою. Після тремоло -восьмі,триолі,шістнадцяті.крижачок- бездоганно.'),(121,11,'2020-05-01','єтюд 31 под метроном. Чепін стр.22 -соло повільно.Більше не даю Трохи відпочивайте ,загонимо музику.',1,0,'Святковий день.Всі завдання залишаються дійсними на наступний урок.'),(122,13,'2020-04-29','Літери КLMN -  4 способи. Єтюд V.(Прикріплений).Парадидли (в рудиментах)',1,8,'Эльдар.Викладай відео на день та час уроку,бо мені нема чого оцінювати.'),(123,18,'2020-04-30','Подивитися як треба грами млин І рудіменти та спробуй ще раз.Кевін Так -єтюд 11.12- повторити. Августіні єтюди на установці 19.20.Азбука -Літера F.Залишемо завдання.',1,11,'дуже гарно.Захар ростеш на очах.Хотів ще Августіні побачить.'),(124,5,'2020-04-30','31 єтюд вивчити і перезаписати. Гами сі мажор Д7, до иінор зм.ув. записати.Ще раз пришлеш єтюд у такому стані ,Я не буду з тобою розмовляти.',1,8,'Жду..............................................................................................................................................................................................................................'),(125,20,'2020-04-30','Кевін Так єтюд 2..Вправи -по три удари на руку.Триолі.Запис вишлю.',1,0,'Потроху займайтесь під запис.5 хвилин на день.'),(126,17,'2020-05-01','Єтюд. №2- розмір3\\8(збірка прикліплено),Парадіддли - (40 рудіментів).Кевін Так -Босса-нова.',1,0,'Святковий день.Всі завдання залишаються дійсними на наступний урок.'),(127,12,'2020-05-01','Кевін Так - єтюд 13 пробувати під метроном.Літери А -двійкою. Q -почергово та однією рукою.5-уд. ролл - трохи додати темп.',1,0,'Святковий день.Всі завдання залишаються дійсними на наступний урок.'),(128,6,'2020-05-01','Чепін соло триольне. Соната з мінусом.гами по натхненню.',1,0,'Святковий день.Всі завдання залишаються дійсними на наступний урок.'),(129,9,'2020-04-30','Пашуня привіт. Починай серььозно займатись.Скоро єкзамени.Сонату повторюй скерцо .Векла.Це основні завдання на два тижні.',1,11,'чекаю скерцо до кінця і сонату'),(130,16,'2020-04-30','Літери першої колонки.Августіні- повторюй з 1-14.Триолі.',1,8,'Марк займайся. Час іде.'),(131,4,'2020-05-01','Діма спробуй записати коецертіно,скільки вийде. Вислали весь акомпанімент.це на наступну середу. 1 травня вихідний.До 10 травня гогуй гами-маж. та мінор  Ре бемоль мажор,соль діез мінор.з Д7 та зм.ув.',1,0,'Святковий день.Всі завдання залишаються дійсними на наступний урок.'),(132,15,'2020-05-02','13 єтюд ще раз(хочу побачити).Танець до кінця-попрацюй більше, не лінуйся.Гама мі бемоль мажор.',1,0,'Наза твоє відео  на суботу. Ми домовлялись про щось одне.'),(133,13,'2020-05-04','Мельница до 6 ударів.Єтюд №16.Парадиддли.',1,9,'Єльдар,відео потрібно викладати до уроку,Я ставлю оцінку по відео і даю коментар.'),(134,14,'2020-05-02','Гами з минулого урока.Єтюд V(.Римськими.)Парадиддли (в 40рудімениах).Танець - виправити кінець.',1,0,'Матвій, ти хотів щось записати.'),(135,8,'2020-05-02','Записати фею.',1,0,'Лада де  ьускунчик? Ми домовлялись.'),(136,18,'2020-05-04','Августіні 19.20. Соло 2.6 з альтами.(прикріпив).Єтюд на мал.бар.7(.потрібно відео єтюда .це на відділ в школі) як єкзамен.',1,10,'Захарчик ,треба уважно рахувати і дивитись яке завдання задано.'),(137,19,'2020-05-04','єтюд7.Гама си бемоль мажор(2 бемолі)єтюд вишлю на сайт .вам із Захаром .',1,10,'Зай майтеся і все буде добре.Хто хоче навчитися ,того навчимо.'),(138,5,'2020-05-04','31 этюд-выучить и записать.Гаммы любые на вкус.поучить и записать-на экзамен.',1,10,'Взагалі добре,не зважаючи на помилки та неточні ноти.Ска мені ,як ти хочеш,щоб я тебе оцінював?По повній,прискіпливо,чи так.як ти займаєся?'),(139,20,'2020-05-05','Повчити удари,.єтюд.  все під відео.',1,0,'Андрій ставте Тихону відео.Хай під вашим наглядом грає разом зі мною.Трохи запишіть та надійшліть мені будь ласка.'),(140,7,'2020-05-04','ПашаСподіваюсь ти все зрозумів по завданню.Єтюд проробити.Барабани- Вчм Чепіна перший розділ.Свінг.Гами 2.Пьеса награвати .',1,10,'єтюд -мало помилок. нема динаміки.  Гами 17 секунд.Паша !'),(141,9,'2020-05-05','Соната 6.   3та4 частина.клавір вмслав.Гами .Скерцо все.',1,10,'Паша до 15 травня все записати на екзамен.Сонату та скерцо.Векла.- три твори.'),(142,16,'2020-05-05','Залищається попереднє.',1,9,'Юра. давайте Марку по одному завданню в день.Коротенькі і не дуже складні.Але якщо це буде систематично, то дасть більше користі та не налякає.Шукаєио різні способи.'),(143,10,'2020-05-04','завдання залишається .Якісно попрацюй Максим.',1,9,'Максим,треба викладати відео до початку уроку.Мені нема що оцінювати.'),(144,17,'2020-05-05','Всі завдання залишаються дійсними на наступний урок.',1,8,'Льоша напружуватись трохи більше треба. Ти гарний хлопчик, а ще й коли добре заграєш- всі дівчата твої.'),(145,6,'2020-05-05','Гами та єтюд для заліку.Соната-  спробувати записати під мінус.',1,11,'Добре Ваня,молодець.Тремоло тідьки напружене .Розслаблюй кисть і пальці.Мягкенько тримай палички і амплітуду вище трохи,рівні удари мають бути і вільні у тремоло.Як годинник.А взагалі гарно.І трохи емоції.'),(146,4,'2020-05-06','Гами маж.мінор.На залік. Крестон концертіно - записати ,скільки вийде.',1,11,'Діма є помилки  текстові в  єтюді.Гами добре,Концертіно також.Але треба було дві гами- мажорну та мінорну по схеті(тремоло7,восьмі,триолі,шістнадцяті.арпеджіо та Д7,або зм.увв. у мінорі.А так добре.'),(147,11,'2020-05-04','Всі завдання залишаються дійсними на наступний урок.',1,12,'Дуже добре.ви най кращі.'),(148,14,'2020-05-06','Дві гами на вибір та єтюд на м. Б. Осианній.',1,9,'Матвій .Де відео? Гами та зтюд. акомпанемент для танцю вислав мамі.Запишите під ф-но.'),(149,15,'2020-05-06','Дві гами останні та єтюд.записати на екзамен.',1,9,'Назар.Хочу бачити танець.І гами на екзамен.'),(150,8,'2020-05-06','Лада чекаю єтюд на єкзамен та лускунчика.',1,0,'Лада де  ьускунчик? Ми домовлялись,що ти запишишь'),(151,8,'2020-05-06','Этд останній.роли 5-9удпрів.під метроном.лускунчик.',1,7,'Лада,капець.Голову коли підключиш при розборі твору.?'),(152,7,'2020-05-07','Вудпайл - у пришвидченому темпі з ньюансами,з характером. Гами та єтюд готувати на понеділок для запису.',1,12,'Супер.Нема слів.Просто красень.Низький уклін.'),(153,18,'2020-05-07','Августіні 19.20. Соло 2.6 з альтами.(прикріпив).Єтюд на мал.бар.7в збірці (єтюди для малого барабана)(.потрібно відео єтюда .це на відділ в школі) як єкзамен.',1,9,'Молодець.Будь трохи уважнішим.'),(154,19,'2020-05-07','Завдання залишається. Оля подивись \"добрий жук\".Проста пісенька.Нехай вивчить слова і співає.',1,10,'Гарно молодці.Якщо так піде ідалі , будете кращими.Головне не зупинятись.'),(155,10,'2020-05-08','єтюд 28. Парадиддли. Пьєсу повторюй на ф-но.',NULL,NULL,NULL),(156,13,'2020-05-06','Завдання залашається попереднім.',1,9,'Єльдар,Записувати потрібно кожний урок.Чи єтюд, чи літери.'),(157,5,'2020-05-07','Завдання -шліфувати єтюд та гами.уважно розбирати Хору по натах. Записати на четвер гами та єтюд.',1,9,'Не уважно.не та послідовність.де єтюд.тут нема.'),(158,11,'2020-05-08','Гами в правильній послідовності в одному темпі.Єтюд -як п,єсу. Свінг награвати до легкості.Рудіменти - розучувати наступні два.Галоп  вільно.Без напруження.Динаміка.Продивіться ноти рокскул 4,які не грали.',NULL,NULL,NULL),(159,9,'2020-05-07','Соната1.2 частини.Клавір вишлю до 7 травня.Скерцо на вівторок - все повністю.',NULL,NULL,NULL),(160,20,'2020-05-07','Андрій поставте Тихону запис.Хай трохи позаймається під відео.',1,0,'Тихон, занимайся, зайчик понемногу.Не ленись.Учи нотки.'),(161,12,'2020-05-08','Єтюди  6,  7. Триолі. Млин.Літера В.5 ударний роЛЛ.(двійками)',NULL,NULL,NULL),(162,6,'2020-05-08','Повторити Васк Тоlк.До15 травня потрібно буде записати.',NULL,NULL,NULL),(163,17,'2020-05-08','Записати Exit for freedom.Єтюд довчити та записати також- це на технічний залік до 15 травня.',NULL,NULL,NULL),(164,16,'2020-05-07','Єтюд 13.Повчити день,два апотім записати.',NULL,NULL,NULL),(165,4,'2020-05-08','Діма запиши будь ласка мі мажор та фа діез мінор по схемі,починаючи з тремоло,восьмі,триолі шістнадцяті.арпеджіо теж по схемі.Єтюд15..той єтюд ,що ти грав треба швидше грати.Він у різаному темпі- на раз-дві долі.рахувати не 1234, а раз,два,раз два.',NULL,NULL,NULL),(166,13,'2020-05-11','Літери EFGHIJ-форшлагами і двійками.Єтюд на м.б. - записати без помилок.',NULL,NULL,NULL),(167,15,'2020-05-09','Дві гами -мажорна та мінорна по повній схемі.записати та прислати. Єтюд останній,який був.',NULL,NULL,NULL),(168,14,'2020-05-09','Записати гами(мажор та мінор по схемі) та єтюд.Тпнець тренуватись під акомпанемент.',NULL,NULL,NULL),(169,8,'2020-05-09','Єтюд на м.б. новий. \r\nПарадиддли.\r\nшестиударний ролл.семиударний ролл.',NULL,NULL,NULL),(170,19,'2020-05-11','Гама си бемоль мажор- красиво. Єтюд 11попробовать. Попробуйте тремоло в гамме чуть быстрее. семиударный ролл.(для развития.) это   К- двойками.',NULL,NULL,NULL),(171,20,'2020-05-12','Займатися по відео.Повторювати пару разів.',NULL,NULL,NULL),(172,5,'2020-05-11','хора стаккато -під акомпанемент .єтюд 31.Гамиу повчи , потім грай на чисту.дивитися на таке виконання (небрежное)від такого учня не той калінкор.',NULL,NULL,NULL),(173,7,'2020-05-11','Паша гаму запиши та єтюд на марафон відділу.Гаму по схемі.Тремоло.восьмі,триолі,шістн.штрих. Арпеджіо так само.Єтюд без помилок.',NULL,NULL,NULL);
/*!40000 ALTER TABLE `lesson` ENABLE KEYS */;
UNLOCK TABLES;

--
-- Table structure for table `migration_versions`
--

DROP TABLE IF EXISTS `migration_versions`;
/*!40101 SET @saved_cs_client     = @@character_set_client */;
/*!40101 SET character_set_client = utf8 */;
CREATE TABLE `migration_versions` (
  `version` varchar(255) COLLATE utf8_unicode_ci NOT NULL,
  PRIMARY KEY (`version`)
) ENGINE=InnoDB DEFAULT CHARSET=utf8 COLLATE=utf8_unicode_ci;
/*!40101 SET character_set_client = @saved_cs_client */;

--
-- Dumping data for table `migration_versions`
--

LOCK TABLES `migration_versions` WRITE;
/*!40000 ALTER TABLE `migration_versions` DISABLE KEYS */;
INSERT INTO `migration_versions` VALUES ('20200407173345'),('20200408160520'),('20200412171623');
/*!40000 ALTER TABLE `migration_versions` ENABLE KEYS */;
UNLOCK TABLES;

--
-- Table structure for table `photo`
--

DROP TABLE IF EXISTS `photo`;
/*!40101 SET @saved_cs_client     = @@character_set_client */;
/*!40101 SET character_set_client = utf8 */;
CREATE TABLE `photo` (
  `id` int(11) NOT NULL AUTO_INCREMENT,
  `path` varchar(255) COLLATE utf8mb4_unicode_ci NOT NULL,
  PRIMARY KEY (`id`)
) ENGINE=InnoDB AUTO_INCREMENT=5 DEFAULT CHARSET=utf8mb4 COLLATE=utf8mb4_unicode_ci;
/*!40101 SET character_set_client = @saved_cs_client */;

--
-- Dumping data for table `photo`
--

LOCK TABLES `photo` WRITE;
/*!40000 ALTER TABLE `photo` DISABLE KEYS */;
INSERT INTO `photo` VALUES (2,'042a5927198c4dd1f3a98561dca90eff.jpeg'),(3,'5b2e92db1b3e702ab9887c46451a70cb.jpeg'),(4,'9fa080938bd43df68f11c7c1334e9baa.jpeg');
/*!40000 ALTER TABLE `photo` ENABLE KEYS */;
UNLOCK TABLES;

--
-- Table structure for table `schedule_lesson`
--

DROP TABLE IF EXISTS `schedule_lesson`;
/*!40101 SET @saved_cs_client     = @@character_set_client */;
/*!40101 SET character_set_client = utf8 */;
CREATE TABLE `schedule_lesson` (
  `id` int(11) NOT NULL AUTO_INCREMENT,
  `student_id` int(11) DEFAULT NULL,
  `day_of_the_week` varchar(255) COLLATE utf8mb4_unicode_ci NOT NULL,
  `time` time NOT NULL,
  PRIMARY KEY (`id`),
  KEY `IDX_9A5530ECCB944F1A` (`student_id`),
  CONSTRAINT `FK_9A5530ECCB944F1A` FOREIGN KEY (`student_id`) REFERENCES `student` (`id`)
) ENGINE=InnoDB AUTO_INCREMENT=41 DEFAULT CHARSET=utf8mb4 COLLATE=utf8mb4_unicode_ci;
/*!40101 SET character_set_client = @saved_cs_client */;

--
-- Dumping data for table `schedule_lesson`
--

LOCK TABLES `schedule_lesson` WRITE;
/*!40000 ALTER TABLE `schedule_lesson` DISABLE KEYS */;
INSERT INTO `schedule_lesson` VALUES (7,4,'3','15:30:00'),(8,4,'5','17:10:00'),(9,5,'1','19:10:00'),(10,5,'4','18:00:00'),(11,6,'2','16:20:00'),(12,6,'5','16:20:00'),(13,7,'1','13:50:00'),(14,7,'4','16:20:00'),(15,8,'3','18:50:00'),(16,8,'6','12:05:00'),(17,9,'2','18:00:00'),(18,9,'4','17:10:00'),(19,10,'1','16:20:00'),(20,10,'5','14:40:00'),(21,11,'1','19:55:00'),(22,11,'5','18:50:00'),(23,12,'2','14:40:00'),(24,12,'5','13:50:00'),(25,13,'1','18:00:00'),(26,13,'3','16:20:00'),(27,14,'3','18:00:00'),(28,14,'6','09:50:00'),(29,15,'3','17:10:00'),(30,15,'6','10:35:00'),(31,16,'2','18:45:00'),(32,16,'4','18:50:00'),(33,17,'2','17:10:00'),(34,17,'5','15:30:00'),(35,18,'1','14:40:00'),(36,18,'4','14:40:00'),(37,19,'1','15:30:00'),(38,19,'4','15:30:00'),(39,20,'2','13:50:00'),(40,20,'4','13:40:00');
/*!40000 ALTER TABLE `schedule_lesson` ENABLE KEYS */;
UNLOCK TABLES;

--
-- Table structure for table `student`
--

DROP TABLE IF EXISTS `student`;
/*!40101 SET @saved_cs_client     = @@character_set_client */;
/*!40101 SET character_set_client = utf8 */;
CREATE TABLE `student` (
  `id` int(11) NOT NULL AUTO_INCREMENT,
  `name` varchar(255) COLLATE utf8mb4_unicode_ci NOT NULL,
  `email` varchar(255) COLLATE utf8mb4_unicode_ci NOT NULL,
  `phone` varchar(255) COLLATE utf8mb4_unicode_ci NOT NULL,
  `avatar` varchar(255) COLLATE utf8mb4_unicode_ci DEFAULT NULL,
  PRIMARY KEY (`id`)
) ENGINE=InnoDB AUTO_INCREMENT=21 DEFAULT CHARSET=utf8mb4 COLLATE=utf8mb4_unicode_ci;
/*!40101 SET character_set_client = @saved_cs_client */;

--
-- Dumping data for table `student`
--

LOCK TABLES `student` WRITE;
/*!40000 ALTER TABLE `student` DISABLE KEYS */;
INSERT INTO `student` VALUES (4,'Безкровный Дмитрий','katrusya7@ukr.net','0984195397','ceb7b9336e767a6293a1a234f6b87863.jpeg'),(5,'Галаган Кирилл','ir_sh_ka@ukr.net','0677971579','e8d4a886c361f93db72c6743a49e1034.jpeg'),(6,'Лисун Иван','irinalisun@ukr.net','0939452788','667ba907fd8a9d3416594f81f7fcae19.jpeg'),(7,'Переверов Павел','Vvpereverova@gmail.com','0671220387','5a120b40cc0a4fb22c3dfcc9684c7986.jpeg'),(8,'Стеценко Лада','ladastecenko@gmail.com','0987975616','ffef2be27871858398b09ee39ea5115e.jpeg'),(9,'Могилев Павле','pasha.mogilov@i.ua','0637041635','e2976bc968d40baf5946edb1d5d96a63.jpeg'),(10,'Коротыш Максим','alenachrist@gmail.com','0934682423','c665b3b0832af70d85ea82da2f0854e8.jpeg'),(11,'Никитин Дмитрий','nikitinavi1758@gmail.com','0678409905','09a5a50021d171115e147ed31aad4061.jpeg'),(12,'Щельников Николай','kharchenko.s.w@gmail.com','0938627166','2c2e33c112f5f6f1fa7014de374e8923.jpeg'),(13,'Комаров Эльдар','ekomarov826@gmail.com','0634153520','8546703dbe3ea92f0b9fa49591ba0f3b.jpeg'),(14,'Кусюмов Матвей','nastoosia@gmail.com','0933399155','f372609a05b42fd668af17ff120b55f2.jpeg'),(15,'Кусюмов Назар','nazar.kusiumov@gmail.com','0636911250','a9d75b9880b23eb9b069368b51450a3f.jpeg'),(16,'Бакін Марк','bakina.lyudmila@gmail.com','0987405677','339ac8722f1b0e31a833832cf992961f.jpeg'),(17,'Мельник Алексей','alex.melnyk2006@gmail.com','0686521029','de08ad175725a83965722801f5945ad7.jpeg'),(18,'Коломієць Захарій','lyukltdd@gmail.com','0733407826','cd4c6e786f0430148e6108a57abc6d56.jpeg'),(19,'Рачек Алексей','olexijrachek@gmail.com','0939599530','0c13d107aba3c74075580774d532cf57.jpeg'),(20,'Лепский Тихон','Leps2009_82@ukr.net','0987512882','b2a535ca09e76e793e4a3765e117878c.jpeg');
/*!40000 ALTER TABLE `student` ENABLE KEYS */;
UNLOCK TABLES;

--
-- Table structure for table `user`
--

DROP TABLE IF EXISTS `user`;
/*!40101 SET @saved_cs_client     = @@character_set_client */;
/*!40101 SET character_set_client = utf8 */;
CREATE TABLE `user` (
  `id` int(11) NOT NULL AUTO_INCREMENT,
  `student_id` int(11) DEFAULT NULL,
  `email` varchar(180) COLLATE utf8mb4_unicode_ci NOT NULL,
  `roles` json NOT NULL,
  `password` varchar(255) COLLATE utf8mb4_unicode_ci NOT NULL,
  PRIMARY KEY (`id`),
  UNIQUE KEY `UNIQ_8D93D649E7927C74` (`email`),
  UNIQUE KEY `UNIQ_8D93D649CB944F1A` (`student_id`),
  CONSTRAINT `FK_8D93D649CB944F1A` FOREIGN KEY (`student_id`) REFERENCES `student` (`id`)
) ENGINE=InnoDB AUTO_INCREMENT=24 DEFAULT CHARSET=utf8mb4 COLLATE=utf8mb4_unicode_ci;
/*!40101 SET character_set_client = @saved_cs_client */;

--
-- Dumping data for table `user`
--

LOCK TABLES `user` WRITE;
/*!40000 ALTER TABLE `user` DISABLE KEYS */;
INSERT INTO `user` VALUES (6,NULL,'admin@gmail.com','[\"ROLE_ADMIN\"]','$2y$13$seDlx8SUM4tUUmPqzmtG1eSWpwfKw2icGR.6ZWIRLzGyPsXUvc5uO'),(7,4,'katrusya7@ukr.net','[]','$2y$13$G8UlTJf6W8hLO.VV1UPtvuE8pFJ3YAkBeN0ihaKdPVm82YjsWyqmi'),(8,5,'ir_sh_ka@ukr.net','[]','$2y$13$brG23Mo8eeWiveJkit3AeeThEOIYDwjC3M8cgYKNvR82PediTOFhG'),(9,6,'irinalisun@ukr.net','[]','$2y$13$7p0KExgP1DI/5iUkUWiWSeb26y4GtU/uQ6SHmyo2OIRbrE5gBY9Fa'),(10,7,'Vvpereverova@gmail.com','[]','$2y$13$KHvkHQCqjfd5L0rIyyZhf.hOvTNUxK8HNzYn8zmCsMw3kcTXkIsbS'),(11,8,'ladastecenko@gmail.com','[]','$2y$13$s1yLYEL679nILhTPBViBnOUvx336dawwfvdSsjjZaH4KgvLWmHMrS'),(12,9,'pasha.mogilov@i.ua','[]','$2y$13$ZroJX448AooJr4LJfVtz/.8XwraNHoMQHFWTEiOg4M3OHm3l0tx.u'),(13,10,'alenachrist@gmail.com','[]','$2y$13$oGAKA0uMIExMuErzzaArLuKfspHxGo8SLhWwdsWusOgnmGxb0rC8O'),(14,11,'nikitinavi1758@gmail.com','[]','$2y$13$ie2wku1Qj0NswIakX.uuC.WODmlx7TbtwRwHMkirM1QlMNj03rRwm'),(15,12,'kharchenko.s.w@gmail.com','[]','$2y$13$svunf37K3QhYNHdkZt6f7OwOeVLJs5eBcEVVJwBdU1GyZQ2FRHEHm'),(16,13,'ekomarov826@gmail.com','[]','$2y$13$REprSAC42Sbdx2YbAYVRZOvWyMrKnG0ZNGg8DXSv/8aVLfbVraLdu'),(17,14,'nastoosia@gmail.com','[]','$2y$13$.NsMOf30Ihh0bwga9h4KH.wK4UKjwvErpjJxEHpPqeflQppqOpXae'),(18,15,'nazar.kusiumov@gmail.com','[]','$2y$13$DyTOz8kSFx7Tq3.pw7FXYOSzHE/G5/PGpXUGOKxi07h7MunLW3iC6'),(19,16,'bakina.lyudmila@gmail.com','[]','$2y$13$HPF/hufVCegRUGFr6742Gecc7E3GjTmtU5NkyaHi2RPNvALNFaTsy'),(20,17,'alex.melnyk2006@gmail.com','[]','$2y$13$MQVUDjkaKvzOHo2pi5mXTOu3WVLq9XuM7Ew/IdvHhHI5LzSEDt.sa'),(21,18,'lyukltdd@gmail.com','[]','$2y$13$vligzZGCwCoBOMXbTZ94RuE3UdhZn/aaIEInQbbbquhWviElFY34K'),(22,19,'olexijrachek@gmail.com','[]','$2y$13$9Fvi62lG7RfoW0PvDgeQjuwyd05d670KjYtK1e2r7.kbHL2unn766'),(23,20,'Leps2009_82@ukr.net','[]','$2y$13$lHGPXRo4BQwGO1iK7/JIhe7GoIOQbRvpKLENXVKsMIE/yDqUl43.6');
/*!40000 ALTER TABLE `user` ENABLE KEYS */;
UNLOCK TABLES;

--
-- Table structure for table `video`
--

DROP TABLE IF EXISTS `video`;
/*!40101 SET @saved_cs_client     = @@character_set_client */;
/*!40101 SET character_set_client = utf8 */;
CREATE TABLE `video` (
  `id` int(11) NOT NULL AUTO_INCREMENT,
  `link` varchar(255) COLLATE utf8mb4_unicode_ci NOT NULL,
  PRIMARY KEY (`id`)
) ENGINE=InnoDB AUTO_INCREMENT=44 DEFAULT CHARSET=utf8mb4 COLLATE=utf8mb4_unicode_ci;
/*!40101 SET character_set_client = @saved_cs_client */;

--
-- Dumping data for table `video`
--

LOCK TABLES `video` WRITE;
/*!40000 ALTER TABLE `video` DISABLE KEYS */;
INSERT INTO `video` VALUES (1,'https://www.youtube.com/watch?v=BXWHMoHUNwg&t=1123s'),(2,'https://youtu.be/CvIbAra54bA'),(3,'https://youtu.be/i5EKSRqRxAw'),(5,'https://youtu.be/eDuM0iDIJ1g'),(7,'https://youtu.be/fW2yfGDqGoc'),(8,'https://youtu.be/x7iH9eRp0vc'),(9,'https://youtu.be/qMOCQDS3CvM'),(10,'https://youtu.be/KVAe0agGZhQ'),(11,'https://youtu.be/bUBhZipeTr0'),(12,'https://youtu.be/S_tuLyyz0os'),(13,'https://youtu.be/uRscODn90Ew'),(15,'https://youtu.be/kZs10Om-7Eg'),(16,'https://youtu.be/BE68pTUutB0'),(17,'https://youtu.be/f5rah1CRPLE'),(18,'https://youtu.be/clyhR78TdK4'),(19,'https://youtu.be/6VLL9Txw6c4'),(20,'https://youtu.be/Tn7eKX58qhI'),(21,'https://youtu.be/0p2qQAYttNc'),(22,'https://youtu.be/dlCUvz6V_QA'),(23,'https://youtu.be/zZgFIjMYkfk'),(25,'https://youtu.be/L2tXOYSbhpk'),(26,'https://youtu.be/mIxNS_L_27c'),(27,'https://youtu.be/iNStIqrSk7w'),(28,'https://youtu.be/QXRzjKhjbxo'),(29,'https://youtu.be/xnqwzvkRDtc'),(30,'https://youtu.be/62kMbL_QxRM'),(31,'https://youtu.be/9UqLc2xevhw'),(32,'https://youtu.be/eusL5BQ4i7o'),(33,'https://youtu.be/1aKbhHuQ9rs'),(34,'https://youtu.be/ovKgJNvIcPY'),(35,'https://youtu.be/lryDc-7zuLQ'),(36,'https://youtu.be/txr_0P40bBU'),(37,'https://youtu.be/7Wn3OeTvPMM'),(38,'https://youtu.be/gAJfUsvuP3g'),(39,'https://youtu.be/R28paRrhpRw'),(41,'https://youtu.be/gPXnASwlE74'),(42,'https://youtu.be/WlRFHwkB_1A'),(43,'https://youtu.be/FDFHPp2uvf4');
/*!40000 ALTER TABLE `video` ENABLE KEYS */;
UNLOCK TABLES;

--
-- Table structure for table `youtube_link`
--

DROP TABLE IF EXISTS `youtube_link`;
/*!40101 SET @saved_cs_client     = @@character_set_client */;
/*!40101 SET character_set_client = utf8 */;
CREATE TABLE `youtube_link` (
  `id` int(11) NOT NULL AUTO_INCREMENT,
  `lesson_id_id` int(11) NOT NULL,
  `path` varchar(255) COLLATE utf8mb4_unicode_ci DEFAULT NULL,
  PRIMARY KEY (`id`),
  UNIQUE KEY `UNIQ_B13E81D7B548B0F` (`path`),
  KEY `IDX_B13E81D735A24AD0` (`lesson_id_id`),
  CONSTRAINT `FK_B13E81D735A24AD0` FOREIGN KEY (`lesson_id_id`) REFERENCES `lesson` (`id`)
) ENGINE=InnoDB AUTO_INCREMENT=108 DEFAULT CHARSET=utf8mb4 COLLATE=utf8mb4_unicode_ci;
/*!40101 SET character_set_client = @saved_cs_client */;

--
-- Dumping data for table `youtube_link`
--

LOCK TABLES `youtube_link` WRITE;
/*!40000 ALTER TABLE `youtube_link` DISABLE KEYS */;
INSERT INTO `youtube_link` VALUES (1,39,'https://www.youtube.com/embed/j1axgjv8aqk?'),(2,45,'https://www.youtube.com/embed/evFNE_NaAu8?'),(3,25,'https://www.youtube.com/watch?v=b-7zDm0Zgm8'),(4,25,'https://www.youtube.com/watch?v=syFRaJyrPes'),(5,40,'https://youtu.be/jJrtC83nxpI'),(6,62,'https://www.youtube.com/embed/00ObD8D2loI?'),(7,51,'https://www.youtube.com/embed/q-PkQc06M7A?'),(8,46,'https://youtu.be/00ObD8D2loI'),(9,51,'https://www.youtube.com/embed/3F3X7HTiOtY?'),(10,51,'https://www.youtube.com/embed/5qp-iNs5S48?'),(11,37,'https://youtu.be/wkGCCuKfTf4'),(12,37,'https://youtu.be/DmnJ0w2ZCHo'),(13,9,'https://youtu.be/PJ7wILkWqyY'),(14,9,'https://youtu.be/34nFCBNeAMs'),(15,9,'https://youtu.be/7lbnmGvrAz4'),(16,37,'https://youtu.be/egzFGXhbOio'),(17,50,'https://youtu.be/lGk6wlXFSpw'),(18,27,'https://youtu.be/yOgxztOpJFo'),(19,54,'https://www.youtube.com/embed/HUHgLDi5XIc?'),(20,54,'https://www.youtube.com/embed/B5lMzSlmYs0?'),(21,63,'https://www.youtube.com/embed/jJrtC83nxpI?feature=emb_title'),(22,59,'https://www.youtube.com/embed/WnH1rAY1meQ?'),(23,59,'https://www.youtube.com/embed/tZsRRFgUSBc?t=7s'),(24,10,'https://youtu.be/LWX-l_Jhn8M'),(25,10,'https://youtu.be/hWLwNhnSl7o'),(26,61,'https://www.youtube.com/embed/gopdOZhPVS4?'),(27,61,'https://www.youtube.com/embed/I2ISoQMFQ_o?'),(28,42,'https://www.youtube.com/watch?v=_FP7XuaVuiM'),(29,42,'https://www.youtube.com/watch?v=FhAVEAi6D2I'),(30,42,'https://www.youtube.com/watch?v=IKCj5PtShaU'),(31,47,'https://youtu.be/zLpg3v1Wbbc'),(32,48,'https://youtu.be/GNyXDwgA9jY'),(33,48,'https://youtu.be/ZnDs0ZBnCjw'),(34,48,'https://youtu.be/OrpLw0c7B4k'),(35,45,'https://youtu.be/MQKckhA_53w'),(36,80,'https://www.youtube.com/embed/4b9VQvYssuA?'),(37,80,'https://www.youtube.com/embed/OLqH7nF7tso?'),(38,76,'https://www.youtube.com/embed/nJ8DEnlhWEo?'),(39,76,'https://www.youtube.com/embed/-5vgGN580ZA?'),(40,75,'https://www.youtube.com/embed/5E1WJiVzx_8?feature=youtu.be'),(41,75,'https://www.youtube.com/embed/EyFnySI9BxE?feature=youtu.be'),(42,75,'https://www.youtube.com/embed/huh33o9kKeg?'),(43,80,'https://www.youtube.com/embed/DHXwTnCcLK4?'),(44,73,'https://www.youtube.com/embed/TuXydN_4MA8?'),(45,80,'https://www.youtube.com/embed/Iyz3hs9JRJs?'),(46,83,'https://www.youtube.com/embed/opHfGdNBqnk?'),(47,89,'https://www.youtube.com/embed/_hiLMNiAgJk?'),(48,84,'https://www.youtube.com/embed/foJLtLRZxfY?'),(49,100,'https://www.youtube.com/embed/bwaxg_SJmA4?'),(50,87,'https://www.youtube.com/embed/hxi7leMsqks?'),(51,87,'https://www.youtube.com/embed/M64udD51Z4c?'),(52,87,'https://www.youtube.com/embed/jCuJwC3oYUw?'),(53,90,'https://www.youtube.com/embed/x-_0j9u0dR8?'),(54,90,'https://www.youtube.com/embed/oxEFQDAJzks?'),(55,94,'https://www.youtube.com/embed/AagUcGpKTfE?feature=youtu.be'),(56,86,'https://www.youtube.com/embed/af7acJ4pR-Q?'),(57,86,'https://www.youtube.com/embed/0SIFVOpReHk?'),(58,94,'https://www.youtube.com/embed/0uw5MfhOD5E?'),(59,94,'https://www.youtube.com/embed/iKrq6FMBZHQ?'),(60,72,'https://youtu.be/K8N-lqe1M1M'),(61,72,'https://youtu.be/qbrK672HNi8'),(62,107,'https://www.youtube.com/embed/gUsLi4ckFig?'),(63,93,'https://www.youtube.com/embed/P2-kG9-8Dcw?'),(64,93,'https://www.youtube.com/embed/QVpmv4yCSoY?'),(65,93,'https://www.youtube.com/embed/AFCphb24Ifc?'),(66,91,'https://www.youtube.com/embed/JnAE5M1upkg?'),(67,91,'https://www.youtube.com/embed/dxTKynQvAb8?'),(68,99,'https://www.youtube.com/embed/mGovRbi9M04?'),(69,112,'https://www.youtube.com/embed/g0coQTglwAo?'),(70,102,'https://www.youtube.com/embed/u_qX6GSrQOs?'),(71,113,'https://www.youtube.com/embed/I15jhoN-k_w?feature=youtu.be'),(72,115,'https://www.youtube.com/embed/ZFUAScFmOco?'),(73,115,'https://www.youtube.com/embed/zvYVocijv1M?'),(74,115,'https://www.youtube.com/embed/gAJfUsvuP3g?'),(75,108,'https://www.youtube.com/embed/__-JdDxU8pA?'),(76,110,'https://www.youtube.com/embed/5TSrpm5rkNM?'),(77,123,'https://www.youtube.com/embed/1FMmabWdPmA?feature=youtu.be'),(78,116,'https://www.youtube.com/embed/7Wn3OeTvPMM?'),(79,116,'https://www.youtube.com/embed/txr_0P40bBU?'),(80,129,'https://www.youtube.com/embed/bUAfceVedDo?'),(81,118,'https://www.youtube.com/embed/hMKmVZNLIiU?'),(82,117,'https://www.youtube.com/embed/Vz64y0o9tU8?'),(83,120,'https://www.youtube.com/embed/tP7Ik1jXZJc?'),(84,120,'https://www.youtube.com/embed/xB315hkGhaU?'),(85,120,'https://www.youtube.com/embed/k1ThbAEnqmU?'),(86,124,'https://www.youtube.com/embed/JRUY2LihGt8?'),(87,124,'https://www.youtube.com/embed/Qce6uhjQseY?'),(88,151,'https://www.youtube.com/embed/6sTvB995ScA?'),(89,145,'https://www.youtube.com/embed/-nBsHK2y7Fs?'),(90,136,'https://www.youtube.com/embed/WeradgRQhLE?'),(91,136,'https://www.youtube.com/embed/leoyHTHYjew?'),(92,138,'https://www.youtube.com/embed/yTdxDdR4eBo?'),(93,138,'https://www.youtube.com/embed/onA5-FvF0XM?'),(94,146,'https://www.youtube.com/embed/Pyx8l8lPFSY?'),(95,146,'https://www.youtube.com/embed/KaYYHa8elwI?'),(96,146,'https://www.youtube.com/embed/KxHzZoDKO9E?'),(97,109,'https://youtu.be/aYM8LUOux2o'),(98,154,'https://www.youtube.com/embed/d3JTddLlwtI?'),(99,154,'https://www.youtube.com/embed/tiOcK14CDK8?'),(100,154,'https://www.youtube.com/embed/yhBsvR_YLxY?'),(101,153,'https://youtu.be/mGC68PcgjVU'),(102,153,'https://youtu.be/RgoGTV7ULPc'),(103,153,'https://youtu.be/leoyHTHYjew'),(104,146,'https://youtu.be/KxHzZoDKO9E'),(105,165,'https://youtu.be/4YY5C7yl6Ks'),(106,157,'https://www.youtube.com/embed/aoWoWNZEfWw?'),(107,157,'https://www.youtube.com/embed/d8bs06RfB00?list=UUFbGN1aalCmFPgTZeQGRTMQ&index=1');
/*!40000 ALTER TABLE `youtube_link` ENABLE KEYS */;
UNLOCK TABLES;
/*!40103 SET TIME_ZONE=@OLD_TIME_ZONE */;

/*!40101 SET SQL_MODE=@OLD_SQL_MODE */;
/*!40014 SET FOREIGN_KEY_CHECKS=@OLD_FOREIGN_KEY_CHECKS */;
/*!40014 SET UNIQUE_CHECKS=@OLD_UNIQUE_CHECKS */;
/*!40101 SET CHARACTER_SET_CLIENT=@OLD_CHARACTER_SET_CLIENT */;
/*!40101 SET CHARACTER_SET_RESULTS=@OLD_CHARACTER_SET_RESULTS */;
/*!40101 SET COLLATION_CONNECTION=@OLD_COLLATION_CONNECTION */;
/*!40111 SET SQL_NOTES=@OLD_SQL_NOTES */;

-- Dump completed on 2020-05-07 19:03:06
